feed,title,long_url,short_url
GN:S:C,"In standoff with Newsom, California Democrats claw back $450 million for climate projects - CalMatters",https://news.google.com/rss/articles/CBMieEFVX3lxTFBQLS1SUm00dWpmU1VEZTRwMmJzSVJWQVA5ckY4V2ZpYUNrdDR1VlpLSjU0X2VETUJzQ3pReGNRRmFBREFTZDJ0OWFuQ3FKUG9mM2pTV0NHa1RPN3JHM21JbFA1MzVoUU0yTTVFU01wQ2hUMW4wdzFKZg?oc=5,
GN:S:C,‘Fight for humanity’: Avoiding a climate catastrophe means acting now - United Nations in Türkiye,https://news.google.com/rss/articles/CBMisAFBVV95cUxNQ2pNZmE2eXRvVHF2MnBXUVBsUnRzTDNGcHo5LTdSYlJweU50SDRZalc1RkphUGFwd2t1Q1BJenRhX182UFhRcFRZODZoWDVWbXFXeVBMMFlFZDJnVjhsU0Z4bElnN2NkbHJaRko3SlNxa3pScDRHNS1LdXJRNVc0RDg3M2RoVHFEWnRkVjlzelNaUnVXMEUwUVhYbkhsTFBvZWNKQkFSMXBZRnF1WTg2Uw?oc=5,
GN:S:C,From Peru to Columbia: Marialexandra Horna Arrieta’s Path to Climate Finance - State of the Planet,https://news.google.com/rss/articles/CBMivAFBVV95cUxORm9nUWpZLXhEVlpQcHlBMzktN09qV3VnMWVuUUJQSGwzbzlZSGZjcW03UXR6QmxiV1MtMlNXX05kZ0gydlp0bW56Yk84a3MtS19lanNvWXJ0Zk1qS3ZDZnhPUnlmcVdOeVBxNkNtaEFHOUd2Q2hTcWpHTUtMTHZzYm9VeXYzWGJBNGZUNEZHWTlTY2RsSUgzdkN4eWRvTERET0pCX0lWbTl0eXhMMHNxR0FQbDdnU3JpRUlZbw?oc=5,
GN:S:C,Vital Voices Attended COP17 Mongolia: Women at the Heart of Climate Solutions - Vital Voices,https://news.google.com/rss/articles/CBMizAFBVV95cUxPbENnbk01YmhwQ0M3NHRLQ0JDSkNrNHNuWC0yODNGZkw2SnJJYm9MeFNTZkl4Sm5GX1BMSTJsaXNuN1haLWpqMHUtc2VBcEtNM3dXNjh5SDJiWWxQV0lLTzdfZnB3QXpodHJLUTZqOWdORHF5ZDM3WDBlX1Q0YUF0NDJpdHg2T2ZWTVJRQjNDOFl6T2dkTkdZekI2SUVuSkpRMkVkTDFfTE5ZZmNhOWlpRXFtWTc3MDI1RjNVY2lPZy1JRF83Yno2Vjhka0E?oc=5,
GN:S:C,Inside the passage of America’s biggest climate law - yaleclimateconnections,https://news.google.com/rss/articles/CBMimgFBVV95cUxNUkxCMTFxdndQcEpJSmg0Q0x5dndCX2p1T0hwZnJ4ODJHSF9Ub1pXaHVFQjZlQ3dSVVhnekhORVpfdmhCMmV0UWxtOUN0VkNWN05GYTlWalZ6RHdmSXlydFBlSmFYeEZmWERBY2xLd2VBb3FFOUZ0ZC1qcHJFdWlUQUtEUGo5aGtXeVRjdnBYUUJ3TXJwYUs2aXBn?oc=5,
GN:S:C,"The Earth is sizzling, but climate isn’t a hot topic for Democrats in this year’s campaigns - Los Angeles Times",https://news.google.com/rss/articles/CBMi0AFBVV95cUxORkRsN0phb1BfdmlKVFgtdXR1SG92cHdXTFFfVUhFR0FfcDJva2tCQXZpVy10dEdOX21qRXhFaWpPWllfSTFMSGE4SGdWZmFxZHVBb3ZPRVpvRVZhNTZVUUtaY0lObjFFQUh4YmhHc2QtVEI0cHFBbHBoLW5ia1RPVDVlb1gyMUtIVGZCT0hiT3FLOGY0WlJoaVY3aVl1VldnY0xGM2drMEdUck5FdTBkX0hSd0dvSDVISnQ5MGtzYkR3bVV5Wk9qbll1OTNsdTlv?oc=5,
GN:S:C,"As Climate Change Shifts Harvest Earlier, Winemakers Face a New Set of Challenges Beyond the Vineyard - VinePair",https://news.google.com/rss/articles/CBMigwFBVV95cUxQVmJwQWdNaU51MzJIdXJaQWt2a1RwY1BKU25NYzZ0S0ZyVWdPTzJMOEZqWGRVUzFvZWhUeHhpTWJHVlVKc2NnQWJzSl9MY3pHSDNKWXF4WTNXUVZoSmNTNGdXMkwwMm83VUlGeXI0N2xJU0NYWjB0TGlmVjA0UUMtRHM5RQ?oc=5,
GN:S:C,"UN urges faster action to set world on course for ‘overshoot, peak and decline’ on climate - Red Cross Red Crescent Climate Centre",https://news.google.com/rss/articles/CBMiygFBVV95cUxOWDM4OFRZOVB5bUFXWVU0UFFLdThDRE1aQTVEd0ZFdU1NNm9adVpoNi12Ry1VZXFmLUJJWWtyNEduVGpfeVBxb0RadTJsN1JPb1NwLURHb1pEc3BaRTVYUG9fbDhMVVhlTWxYRkNRdGZyZExTTFgzZDN4MHIxMGNXd0d2MG4xY0M3enhSVFFwdk9uVzBRVjRLSl9VQ2xvaW8wVHgzd0phX1E4dmdZSW5YLU13RFNOQ1lRQjNMcjI4TnpDVnd0akZsMktB?oc=5,
GN:S:C,Greening Moonshot: Strengthening credibility and delivering value for money through climate-smart UNDP operations - United Nations Development Programme,https://news.google.com/rss/articles/CBMi2gFBVV95cUxOTW1oeC1IZDVQSTEzbXNIdGx1c1FyNWNUdUdHRXVIMDBzY2I2emU3cTVFSG8zcHFrTV9fZTJXWUp6U1JOLS1MekhRQk51SjZCMElsTjZveTFnazJ4a3AzUUptTUtRNE4yZWxzWDBRcUZFNnl5eU1mcHJIR2RZZy15aXVjeXd5ME1uTmRYNkMteV9xb2FwU05hdFZPSHUtWEFlbk56eTZBUzZYdVVFZFRNOWZDUlZXdVg4RFowaXN6R2FnMGxDWDJTQUxuRHdmQ2lrSzJ0bjdzZno4dw?oc=5,
GN:S:C,Climate Shocks Hit EU Corn Heartland - tol,https://news.google.com/rss/articles/CBMifEFVX3lxTE1Wa0Vrckp6V0tidll0cXJlaE04eFFsaDJFdUVveXY5NHJDQmhiUFVQZFczZkI2VWY3SUg5aHZoY2R1cHV4U3RIZmtXOVN1TkM3bG0zeVlnVlJsVkhFRS1vaGl1MUNoMEw0MVFxTk9WeHAyNmpmNExmOWUzR3o?oc=5,
GN:S:C,Eucharist is ‘ecological school’ says new Vatican climate text - The Catholic Herald,https://news.google.com/rss/articles/CBMinwFBVV95cUxOVDN4RUVzNkUtQU52T1ZZNEdsVDJYNm4yeE1HdUUtVzZyb1FvbGZmc0lyVVhqNldoeTRjZzRPN3dEcG1LUDNYQm5KQzAxS1prQ3dMUXV4TlBXWWFrM2oyLWZXcTdaa1FRMXlaUjYtdnNkR0I2bm9XVmRXT1Y0TlFtM3RYbjNuZnRoX2FJTGtMd3J6WmVwd29tU1d6NTZiLUk?oc=5,
GN:S:C,"In standoff with Newsom, California Democrats claw back $450 million for climate projects - The Bakersfield Californian",https://news.google.com/rss/articles/CBMi_wFBVV95cUxOZU9pTC0wWWZzd2kwanVoNzNzUnJJemMwZWFKd2pySVozRjFmTHZrNDVIX21ka1Z0aWhMZnBCa2FpaWF0ZVlDSnlhTUo1cWhxaDJOMkt0VmJNV19EY21rOXlxQkF6NloyMW91U0pCNy1VUlVVTnBwaFJXcDZHc0dXSjdzUW80ZXAzZjloYjZLMmlkdFp5ejBWOGlBNVRpa3JaM0tZQ3h4ZU12WnZjbEwxdkM0b2I5OU4walUzQjZuV3Fydjcxa2U2bk9rT3dJeFY5R05wUnFyTll5aEt5YXBmSm9TcGF5anBDM0FMeGVGUHpiZ0p4R1Q5ZnBWQThPcTg?oc=5,
GN:S:C,Robeco to roll out climate resilience scores to drive allocation decisions - Responsible Investor,https://news.google.com/rss/articles/CBMisgFBVV95cUxQRi1IeDNEMy1CM3c4Rm9zX3ltT1VfQk9EZW5sMkMyR0c0TEdQSVU4MFZqYjZPclBXZERINTk0c3pfcUsyREpFOFh1ZkJ0OHBiT0ZYSWhlNklxM0E0QUdSNmZ0NDZuZGlzTEpVelhQQ0FKbDBTZDJEREI1UF83cTc1dW9KWUZobTZoQzJlRXBVeWhGZFNvTEFyVkp6TkszYS1pLXJpMDdkMFNXNXhRSDRHbmpB?oc=5,
GN:S:C,Climate Scientist Reviews Global Warming Movies - yahoo,https://news.google.com/rss/articles/CBMinwFBVV95cUxPYk91a0YtMjVrX1RqUUUxTDlFNEZtbTRTWnZJY1N4Z0VCUm50cjdRV0RnR0hOQ09xXzR0Mk5GMnN3RjlFSzdFeFZPNHFoWXdjdXljMGRCT0JmdkxseXNpUXQ0RWVHWmtTUlRkdzg4TlJKVjRDZEozekpxbUkwRW9CdlRPN2ViZUVNLVVGR1o1cS1aZlRZdkZaYWxCcVZ2Tzg?oc=5,
